"geneID","2_S1","2M_S7","6_S2","6M_S8","8_S3","8M_S9","10_S4","10M_S10","12_S5","12M_S11","13_S6","13M_S12"
"1","EBG00000011019",36586.5,36084.3,36507,42166,45530.2,42266.4,48181.1,49740.6,54460.7,40423.7,48125.9,40730.5
"2","EBG00000011020",6.07031,2.84863,11.8692,13.0707,123.72,62.796,80.6825,20.5191,1103.3,23.5977,147.645,82.9224
"3","EBG00000011022",19183.3,19170.3,25680.5,21835.6,27112.6,20588.2,27116,21928.2,30582.6,19769.9,25090,23824.1
"4","EBG00000011024",9.06178,3.64005,8.80299,4.368,0,10.3719,3.38909,5.77122,0,2.15399,0,3.80437
"5","EBG00000011026",16082.5,14652.5,9673.03,9910.38,9375.62,12500.3,9028.42,13535,8280.34,17308.3,7529.71,10505.4
"6","EBG00000011027",19183.3,19170.3,25680.5,21835.6,27112.6,20588.2,27116,21928.2,30582.6,19769.9,25090,23824.1
"7","EBG00000011028",6.77476,1.5705,8.015,6.20532,75.0282,41.1022,25.584,4.83754,503.105,4.87959,15.133,29.8252
"8","EBG00000011029",9.06178,3.64005,8.80299,4.368,0,10.3719,3.38909,5.77122,0,2.15399,0,3.80437
"9","EBG00000011030",19183.3,19170.3,25680.5,21835.6,27112.6,20588.2,27116,21928.2,30582.6,19769.9,25090,23824.1
"10","EBG00000011031",7.25491,0,0,8.43574,0,5.17337,0,2.76421,12.6697,0,6.97781,0
"11","EBG00000011032",21.7647,43.9093,69.7447,101.229,115.154,56.907,86.0199,27.6421,95.0227,20.9297,48.8446,60.0967
"12","EBG00000011033",25.3922,40.2502,47.9495,168.715,17.716,23.2802,3.30846,20.7316,9.50227,25.1157,10.4667,26.2923
"13","EBG00000011040",3386.4,4957.31,4730.29,4877.38,4240.78,4084.94,3350.27,5528.17,3910.7,6726.41,4746.85,3256.16
"14","EBG00000011041",36586.5,36084.3,36507,42166,45530.2,42266.4,48181.1,49740.6,54460.7,40423.7,48125.9,40730.5
"15","EBG00000011044",28346.1,25433.3,16052.9,19615.9,14152.1,15145.9,14753.5,14074.5,14416,16602.9,23245.4,15477.4
"16","EBG00000011046",25.3922,40.2502,47.9495,168.715,17.716,23.2802,3.30846,20.7316,9.50227,25.1157,10.4667,26.2923
"17","EBG00000011047",16516.7,19639.4,16315.9,17331.2,14345.5,22153.7,13141.2,17350.3,11005.2,21532.5,8345.46,17796.1
"18","EBG00000011048",47.0968,5.39688,19.6159,18.6415,222.205,321.124,138.688,21.3616,1332.86,24.3007,143.674,166.735
"19","EBG00000011049",16082.5,14652.5,9673.03,9910.38,9375.62,12500.3,9028.42,13535,8280.34,17308.3,7529.71,10505.4
"20","EBG00000011050",16082.5,14652.5,9673.03,9910.38,9375.62,12500.3,9028.42,13535,8280.34,17308.3,7529.71,10505.4
"21","EBG00000011052",5.20812,1.45166,5.12986,5.3106,74.1735,40.1637,25.088,4.53332,500.457,4.02724,14.3839,28.7453
"22","EBG00000011057",28346.1,25433.3,16052.9,19615.9,14152.1,15145.9,14753.5,14074.5,14416,16602.9,23245.4,15477.4
"23","EBG00000011058",16082.5,14652.5,9673.03,9910.38,9375.62,12500.3,9028.42,13535,8280.34,17308.3,7529.71,10505.4
"24","EBG00000011059",9.67321,20.735,5.81206,2.81191,8.85801,8.62228,4.41128,12.8997,10.5581,9.76721,13.9556,10.0161
"25","EBG00000011060",7.26221,1.5705,7.34845,6.20532,75.0282,41.1022,25.584,4.83754,503.105,4.87959,15.133,29.8252
"26","EBG00000011062",28346.1,25433.3,16052.9,19615.9,14152.1,15145.9,14753.5,14074.5,14416,16602.9,23245.4,15477.4
"27","EBG00000011063",47708.5,47914,15484.5,22154.5,15118.9,25457.9,20985.2,14797.4,12830.8,23168.3,26700.6,19957.7
"28","EBG00000011066",9.67321,20.735,5.81206,2.81191,8.85801,8.62228,4.41128,12.8997,10.5581,9.76721,13.9556,10.0161
"29","EBG00000011067",21.9355,24.5306,19.7585,55.3144,32.3639,7.24297,10.3663,24.4877,25.4899,26.3494,5.37666,35.2639
"30","EBG00000011069",16516.7,19639.4,16315.9,17331.2,14345.5,22153.7,13141.2,17350.3,11005.2,21532.5,8345.46,17796.1
"31","EBG00000011070",16082.5,14652.5,9673.03,9910.38,9375.62,12500.3,9028.42,13535,8280.34,17308.3,7529.71,10505.4
"32","EBG00000011071",16516.7,19639.4,16315.9,17331.2,14345.5,22153.7,13141.2,17350.3,11005.2,21532.5,8345.46,17796.1
"33","EBG00000011072",47.0968,5.39688,19.6159,18.6415,222.205,321.124,138.688,21.3616,1332.86,24.3007,143.674,166.735
"34","EBG00000011074",9409.61,8855.05,18822.4,16770.2,15758.4,14578.6,17951.7,15792,15165.6,12997.4,13816.1,13664.5
"35","EBG00000011075",16516.7,19639.4,16315.9,17331.2,14345.5,22153.7,13141.2,17350.3,11005.2,21532.5,8345.46,17796.1
"36","EBG00000011076",3386.4,4957.31,4730.29,4877.38,4240.78,4084.94,3350.27,5528.17,3910.7,6726.41,4746.85,3256.16
"37","EBG00000011078",9412.08,9048.95,33984,24346.2,27669.8,20429.3,36541.2,30123.4,26687.2,22147.4,17893.8,31716.3
"38","EBG00000011079",1.86272,2.10632,8.77591,9.66354,91.4458,26.376,59.7223,15.1705,815.769,17.4549,109.3,61.2618
"39","EBG00000011081",7.26221,1.5705,7.34845,6.20532,75.0282,41.1022,25.584,4.83754,503.105,4.87959,15.133,29.8252
"40","EBG00000011082",743.628,1328.26,889.245,936.367,682.067,563.897,357.314,409.104,361.086,301.388,551.247,473.261
"41","EBG00000011087",4392.34,5178.14,8157.68,7223.93,9314.43,5617.1,6463.51,5214.99,7760.54,3806.03,8447.14,7652.17
"42","EBG00000011088",31428.4,32852.9,46083,47373.3,52419.2,47209.2,45500.8,40875.8,51304.8,35413.5,67325.7,52033.3
"43","EBG00000011089",47.0968,5.39688,19.6159,18.6415,222.205,321.124,138.688,21.3616,1332.86,24.3007,143.674,166.735
"44","EBG00000011093",9.67321,20.735,5.81206,2.81191,8.85801,8.62228,4.41128,12.8997,10.5581,9.76721,13.9556,10.0161
"45","EBG00000011095",7.26221,1.5705,7.34845,6.20532,75.0282,41.1022,25.584,4.83754,503.105,4.87959,15.133,29.8252
"46","EBG00000011099",19183.3,19170.3,25680.5,21835.6,27112.6,20588.2,27116,21928.2,30582.6,19769.9,25090,23824.1
"47","EBG00001172633",3386.4,4957.31,4730.29,4877.38,4240.78,4084.94,3350.27,5528.17,3910.7,6726.41,4746.85,3256.16
"48","EBG00001172634",28346.1,25433.3,16052.9,19615.9,14152.1,15145.9,14753.5,14074.5,14416,16602.9,23245.4,15477.4
"49","EBG00001172635",16516.7,19639.4,16315.9,17331.2,14345.5,22153.7,13141.2,17350.3,11005.2,21532.5,8345.46,17796.1
"50","EBG00001172639",4392.34,5178.14,8157.68,7223.93,9314.43,5617.1,6463.51,5214.99,7760.54,3806.03,8447.14,7652.17
"51","EBG00001172641",16082.5,14652.5,9673.03,9910.38,9375.62,12500.3,9028.42,13535,8280.34,17308.3,7529.71,10505.4
"52","EBG00001172646",16082.5,14652.5,9673.03,9910.38,9375.62,12500.3,9028.42,13535,8280.34,17308.3,7529.71,10505.4
"53","EBG00001172648",13.3768,1.86894,9.53819,7.38478,89.2957,76.4316,30.4359,5.757,598.715,5.80623,18.0024,35.5018
"54","EBG00001172649",25.3922,40.2502,47.9495,168.715,17.716,23.2802,3.30846,20.7316,9.50227,25.1157,10.4667,26.2923
"55","EBG00001172655",14.3392,1.86894,8.74497,7.38478,89.2957,76.4316,30.4359,5.757,598.715,5.80623,18.0024,35.5018
"56","EBG00001172659",28346.1,25433.3,16052.9,19615.9,14152.1,15145.9,14753.5,14074.5,14416,16602.9,23245.4,15477.4
"57","EBG00001172660",19183.3,19170.3,25680.5,21835.6,27112.6,20588.2,27116,21928.2,30582.6,19769.9,25090,23824.1
"58","EBG00001172661",25.3922,40.2502,47.9495,168.715,17.716,23.2802,3.30846,20.7316,9.50227,25.1157,10.4667,26.2923
"59","EBG00001172665",9412.08,9048.95,33984,24346.2,27669.8,20429.3,36541.2,30123.4,26687.2,22147.4,17893.8,31716.3
"60","EBG00001172666",21.7647,43.9093,69.7447,101.229,115.154,56.907,86.0199,27.6421,95.0227,20.9297,48.8446,60.0967
"61","EBG00001172670",16082.5,14652.5,9673.03,9910.38,9375.62,12500.3,9028.42,13535,8280.34,17308.3,7529.71,10505.4
"62","EBG00001172674",7.25491,0,0,8.43574,0,5.17337,0,2.76421,12.6697,0,6.97781,0
"63","EBG00001172675",19183.3,19170.3,25680.5,21835.6,27112.6,20588.2,27116,21928.2,30582.6,19769.9,25090,23824.1
"64","EBG00001172677",0,0,0,0,0,0,3.69823,0,0,0,0,0
"65","EBG00001172678",36586.5,36084.3,36507,42166,45530.2,42266.4,48181.1,49740.6,54460.7,40423.7,48125.9,40730.5
"66","EBG00001172680",0,0,3.10944,0,1.52148,0,0,0,0,0,0,0
"67","EBG00001172684",10.2834,1.72752,6.10475,6.32,88.2785,74.6864,29.846,5.39496,595.565,4.79202,17.1113,34.2163
"68","EBG00001172685",0.197418,0.192142,0.924856,0,0.451127,0,0,0,0,0,0.392814,0.435242
"69","EBG00001172686",14.3392,1.86894,8.74497,7.38478,89.2957,76.4316,30.4359,5.757,598.715,5.80623,18.0024,35.5018
"70","EBG00001172692",16082.5,14652.5,9673.03,9910.38,9375.62,12500.3,9028.42,13535,8280.34,17308.3,7529.71,10505.4
"71","EBG00001172693",6.07031,2.84863,11.8692,13.0707,123.72,65.0226,80.6825,20.5191,1106.23,23.5977,147.645,82.9224
"72","EBG00001172694",6.07031,2.84863,11.8692,13.0707,123.72,65.0226,80.6825,20.5191,1106.23,23.5977,147.645,82.9224
"73","EBG00001172697",36586.5,36084.3,36507,42166,45530.2,42266.4,48181.1,49740.6,54460.7,40423.7,48125.9,40730.5
"74","EBG00001172700",28346.1,25433.3,16052.9,19615.9,14152.1,15145.9,14753.5,14074.5,14416,16602.9,23245.4,15477.4
"75","EBG00001172701",16516.7,19639.4,16315.9,17331.2,14345.5,22153.7,13141.2,17350.3,11005.2,21532.5,8345.46,17796.1
"76","EBG00001172702",9.67321,20.735,5.81206,2.81191,8.85801,8.62228,4.41128,12.8997,10.5581,9.76721,13.9556,10.0161
"77","EBG00001172703",16516.7,19639.4,16315.9,17331.2,14345.5,22153.7,13141.2,17350.3,11005.2,21532.5,8345.46,17796.1
"78","EBG00001172704",19183.3,19170.3,25680.5,21835.6,27112.6,20588.2,27116,21928.2,30582.6,19769.9,25090,23824.1
"79","EBG00001172707",0,0,0,0,0,0,0,0,0,0,2.459,0
"80","EBG00001172710",743.628,1328.26,889.245,936.367,682.067,563.897,357.314,409.104,361.086,301.388,551.247,473.261
"81","EBG00001172712",19183.3,19170.3,25680.5,21835.6,27112.6,20588.2,27116,21928.2,30582.6,19769.9,25090,23824.1
"82","EBG00001172716",16516.7,19639.4,16315.9,17331.2,14345.5,22153.7,13141.2,17350.3,11005.2,21532.5,8345.46,17796.1
"83","EBG00001172727",9.67321,20.735,5.81206,2.81191,8.85801,8.62228,4.41128,12.8997,10.5581,9.76721,13.9556,10.0161
"84","EBG00001172728",47708.5,47914,15484.5,22154.5,15118.9,25457.9,20985.2,14797.4,12830.8,23168.3,26700.6,19957.7
"85","EBG00001172732",3386.4,4957.31,4730.29,4877.38,4240.78,4084.94,3350.27,5528.17,3910.7,6726.41,4746.85,3256.16
"86","EBG00001172735",31428.4,32852.9,46083,47373.3,52419.2,47209.2,45500.8,40875.8,51304.8,35413.5,67325.7,52033.3
"87","EBG00001172742",9.06178,3.64005,8.80299,4.368,0,10.3719,3.38909,5.77122,0,2.15399,0,3.80437
"88","EBG00001172744",6.07031,2.84863,11.8692,13.0707,123.72,65.0226,80.6825,20.5191,1106.23,23.5977,147.645,82.9224
"89","EBG00001172746",9.06178,3.64005,8.80299,4.368,0,10.3719,3.38909,5.77122,0,2.15399,0,3.80437
"90","EBG00001172747",16082.5,14652.5,9673.03,9910.38,9375.62,12500.3,9028.42,13535,8280.34,17308.3,7529.71,10505.4
"91","EBG00001172751",14.3392,1.86894,8.74497,7.38478,89.2957,76.4316,30.4359,5.757,598.715,5.80623,18.0024,35.5018
"92","EBG00001172755",0,0,0,5.21463,0,0,0,0,0,0,0,0
"93","EBG00001172756",9409.61,8855.05,18822.4,16770.2,15758.4,14578.6,17951.7,15792,15165.6,12997.4,13816.1,13664.5
"94","EBG00001172760",6.07031,2.84863,11.8692,13.0707,123.72,65.0226,80.6825,20.5191,1106.23,23.5977,147.645,82.9224
"95","EBG00001172761",9.67321,20.735,5.81206,2.81191,8.85801,8.62228,4.41128,12.8997,10.5581,9.76721,13.9556,10.0161
"96","EBG00001172762",6.07031,2.84863,11.8692,13.0707,123.72,65.0226,80.6825,20.5191,1106.23,23.5977,147.645,82.9224
"97","EBG00001172764",1.61321,1.34687,3.24312,12.7766,6.33048,4.88338,10.8052,7.26887,7.08654,10.8957,13.7463,9.69014
"98","EBG00001172767",21.9355,24.5306,19.7585,55.3144,32.3639,7.24297,10.3663,24.4877,25.4899,26.3494,5.37666,35.2639
"99","PFLU_0001",0,0.0403335,0,0,0,0,0,0,0,0,0,0
"100","PFLU_0003",28.7441,31.2056,58.0879,34.091,42.1538,25.0776,39.7363,22.2221,25.8097,14.6121,24.5772,33.1913
"101","PFLU_0011",67.6468,71.7501,357.809,221.004,341.292,174.573,230.389,180.281,150.229,69.8925,174.249,219.507
"102","PFLU_0018",0.143756,0,0,0,0,0,0,0,0,0,0,0
"103","PFLU_0023",0,0,0,0.176479,0,0,0,0,0,0.0851036,0,0
"104","PFLU_0027",1.39315,1.00191,3.66448,3.42231,3.18341,2.28217,3.99528,3.06179,2.9179,1.75236,6.39892,1.88376
"105","PFLU_0036",0,0,0,0.130293,0,0.0698418,0.102334,0,0,0,0,0
"106","PFLU_0048",3.95787,1.87854,5.98041,4.33713,7.28957,2.09004,4.64982,3.21351,5.57315,2.34765,8.99927,5.10629
"107","PFLU_0059",19.2972,13.3462,76.5231,52.0992,83.3802,38.83,78.8355,50.916,88.9172,35.8736,149.077,65.9668
"108","PFLU_0070",5.31073,3.12645,14.7462,9.71065,13.7418,10.3078,13.4577,11.9984,17.1042,8.6651,26.7802,14.5791
"109","PFLU_0071",0,0,0,0,0.0648123,0,0,0,0,0,0,0
"110","PFLU_0088",10.3736,7.18723,12.2594,11.301,11.267,7.13485,14.1529,8.57282,15.9335,7.32973,17.8181,9.88011
"111","PFLU_0093",17.5164,14.642,23.4886,20.7332,34.3219,14.9542,33.7058,19.7784,40.5013,17.3687,63.8366,41.3448
"112","PFLU_0111",4.55435,2.63002,6.22647,5.04955,6.34316,3.71079,5.34972,4.21316,7.17877,3.28545,9.76153,3.98848
"113","PFLU_0113",0.0568114,0,0,0,0,0,0,0,0,0,0,0
"114","PFLU_0180",4.62028,2.99831,21.6442,13.8787,18.6482,8.91312,12.1979,9.89422,13.9608,5.7502,19.6111,8.69744
"115","PFLU_0189",1.27898,2.13128,14.8562,6.27798,12.7192,4.77886,9.9878,5.92847,9.40104,3.1185,15.6448,6.43077
"116","PFLU_0210",0,0,0,0,0,0,0.185735,0,0.180507,0,0,0
"117","PFLU_0290",0,0,0.176173,0,0,0,0,0,0.14407,0,0,0.164248
"118","PFLU_0324",0,0.0268441,0,0,0,0,0,0,0,0,0,0
"119","PFLU_0341",0.329306,0,0,0,0.375985,0.658752,0,0,0,0,0,0
"120","PFLU_0350",0.101003,0.032938,0.0792554,0.0852282,0.0769351,0.137359,0,0.0559171,0,0,0,0.221063
"121","PFLU_0361",3.02521,2.67059,4.94978,2.14785,5.56404,1.85548,5.87605,3.40038,6.32037,1.71348,9.20832,3.31096
"122","PFLU_0374",0.0234275,0,0,0,0.053538,0,0,0.0194603,0,0,0,0
"123","PFLU_0387",0,0.0376749,0,0,0,0,0,0,0,0,0,0
"124","PFLU_0398",0,0,0.110257,0.118577,0,0,0,0,0,0,0,0
"125","PFLU_0405",0,0,0,0,0,0,0.0986639,0.0412008,0,0,0.100552,0
"126","PFLU_0414",7.10656,6.18898,33.6065,17.0222,57.8784,15.1587,20.8338,8.49228,7.61432,2.65544,9.48172,8.38295
"127","PFLU_0415",19.0825,20.64,76.3606,49.74,131.113,47.4042,50.0279,22.7412,16.754,6.71437,19.4324,18.9646
"128","PFLU_0444",3.10344,2.41153,8.50408,5.70249,7.77144,3.69527,7.44307,5.82372,10.0636,4.6747,11.8962,6.04983
"129","PFLU_0451",0.930579,0.675927,2.05057,1.55859,3.84181,1.45334,3.38596,2.35694,6.07173,2.572,11.8827,6.79584
"130","PFLU_0452",0,0,0,0,0,0,0,0,0,0,0.0848996,0
"131","PFLU_0460",0.454719,0.267025,0.856658,1.09386,1.66265,0.402622,1.26968,0.925426,1.35735,0.584106,1.57162,1.19384
"132","PFLU_0462",0,0.0607174,0,0,0,0,0,0,0,0,0,0
"133","PFLU_0492",16.3692,12.1214,37.478,30.2265,37.8461,18.5555,36.5734,26.9747,38.8058,17.6587,53.7676,28.0979
"134","PFLU_0501",3.47706,3.11466,10.3283,6.29799,9.22941,5.27976,6.77137,6.37581,6.59232,4.05634,6.19576,5.85261
"135","PFLU_0518",0.03215,0.031455,0,0,0,0,0,0,0,0.0393069,0,0
"136","PFLU_0520",0,0,0,0,0,0,0,0.592953,0.683678,0,0,0
"137","PFLU_0521",0.0482672,0.0471961,0.113568,0,0.220577,0.261988,0.0959599,0,0.0928743,0.0589492,0.293392,0.105693
"138","PFLU_0523",0,0.0737798,0,0,0,0,0,0,0,0,0,0
"139","PFLU_0525",0,0,0,0.123374,0,0.0661555,0,0,0,0,0,0
"140","PFLU_0538",0,0,0,0,0.060038,0,0,0,0.10118,0.0321332,0,0
"141","PFLU_0553",1.42665,1.39382,15.9324,8.65893,6.19289,2.99029,5.79777,3.84637,4.93735,1.30479,3.60222,6.09647
"142","PFLU_0556",6.51472,4.05529,11.0906,8.82913,6.90183,6.23458,11.9446,7.35782,10.8834,5.17322,17.1121,7.86849
"143","PFLU_0585",0,0,0,0,0,0,0,0,0,0,0,0.173738
"144","PFLU_0612",0,0,0,0,0,0,0,0,0,0.0469769,0,0
"145","PFLU_0614",14.9371,8.88274,25.1126,16.8816,28.8997,15.7479,33.2976,17.9845,28.2377,12.6408,44.8556,21.1669
"146","PFLU_0689",9.99101,7.93219,32.805,27.1227,41.7732,15.9442,29.6233,20.6804,34.7713,11.5039,62.0769,28.7624
"147","PFLU_0699",0.0949565,0.130128,0.26837,0.0480944,0.347209,0.129423,0.454738,0.252436,0.402365,0.116196,0.347671,0.249273
"148","PFLU_0729",0,0,0,0,0,0.0786016,0,0,0,0,0,0
"149","PFLU_0765",0.953262,0.619252,1.50682,0.804502,0,0.423821,0,0.537001,0,0,3.19484,0
"150","PFLU_0771",0,0,0.322317,0,0.156592,0,0,0,0.395374,0,0,0.150185
"151","PFLU_0776",0,0,0,0,0,0,0,0,0,0.235143,0,0
"152","PFLU_0816",0,0.0382092,0,0,0,0,0,0.0324343,0,0,0,0
"153","PFLU_0835",0,0,0.137272,0,0,0,0,0,0,0,0,0
"154","PFLU_0837",0,0,0,0,0,0,0,0,0,0,0.113319,0
"155","PFLU_0840",8581.82,7825.8,25568,20329.3,18060.2,11549.6,11400.2,9927.27,4518.31,4597.02,12358.9,15209.4
"156","PFLU_0842",5.36124,4.47821,16.2865,10.6677,13.0824,7.97679,11.8948,9.50456,14.6207,6.99096,18.0252,10.1453
"157","PFLU_0863",0.061927,0.0605226,0,0.313296,0,0,0,0.102772,0,0,0.125247,0
"158","PFLU_0944",3.01294,2.54071,10.1436,8.36922,12.2832,5.36239,12.3158,6.56934,11.0224,3.46079,18.5269,12.1646
"159","PFLU_0998",0,0,0,0,0,0,0,0,0,0.126089,0.104568,0.113074
"160","PFLU_1052",0,0,0,0,0,0,0,0,0,0,0.0428449,0
"161","PFLU_1058",0,0.100037,0.320945,0.431416,0,0.0463508,0,0.0566093,0.0656164,0,0.0691922,0
"162","PFLU_1140",0,0.0394065,0,0,0,0,0,0,0,0,0,0
"163","PFLU_1161",0,0.0290341,0.209582,0,0,0,0,0,0,0.0362844,0,0
"164","PFLU_1189",45.1199,53.5105,76.9187,68.0229,77.352,46.7577,64.439,62.1169,64.6498,30.5974,93.3537,105.873
"165","PFLU_1207",0.0379845,0,0,0,0,0,0.0756137,0.0315396,0.0731139,0,0,0
"166","PFLU_1239",0,0,0.107846,0,0.0523285,0,0,0,0,0,0,0
"167","PFLU_1255",0.0239223,0,0,0,0,0,0,0,0,0,0,0
"168","PFLU_1269",0.0852233,0.16644,0.200275,0.215444,0,0.115006,0,0,0,0,0.171831,0
"169","PFLU_1270",3289.03,2961.29,11183.9,8425.42,9535.6,6016.74,7201.15,4942,2809.21,1948.34,6812.08,8045.37
"170","PFLU_1271",0,0,0.178952,0,0,0,0,0,0,0,0,0
"171","PFLU_1289",0,0,0,0,0,0.0514218,0.0753179,0.0314158,0,0.0462403,0.076767,0.0828204
"172","PFLU_1291",0.0975122,0,0,0.616872,0.22281,0.198466,0.193852,0.242829,0.375253,0,0.197563,1.06765
"173","PFLU_1302A",0,0,0,0,0,0.648589,0,0,0,0,0,0
"174","PFLU_1324",0,0.0277117,0,0,0,0,0,0,0,0,0.0575339,0
"175","PFLU_1343",0,0,0,0,0,0,0,0,0,0,0,0.191087
"176","PFLU_1375",0,0,0,0,0,0,0,0,0,0,0.102121,0
"177","PFLU_1377",0,0,0,0,0.0828749,0,0,0.0301153,0,0,0.220805,0
"178","PFLU_1388",0,0,0,0.137645,0,0,0,0,0,0,0,0
"179","PFLU_1399",0.0264164,0,0,0,0,0,0,0,0,0,0,0
"180","PFLU_1480",0.189763,0,0.222901,0.239798,0,0,0,0,0,0,0,0.208089
"181","PFLU_1489",0,0,0,0,0,0.0653344,0,0,0,0,0,0
"182","PFLU_1525",0.0700353,0,0,0,0,0,0,0,0,0,0,0
"183","PFLU_1538",6.47202,4.9506,16.496,12.0268,18.8831,10.85,17.2986,12.2235,22.783,8.4591,40.7588,16.9207
"184","PFLU_1542",0.438164,0.32164,0.567526,1.33145,2.15286,0.746176,2.62195,2.25669,4.85216,1.09894,3.07368,2.39656
"185","PFLU_1556",0.0459056,0.0898565,0.0540513,0.116241,0,0.0625304,0.183107,0.0381325,0.0884057,0,0.0466634,0.100436
"186","PFLU_1565",2.00343,1.31873,5.32893,3.41169,5.80208,2.07204,5.17042,3.47239,6.38727,2.36728,9.17123,4.60914
"187","PFLU_1586",0.0637728,0.0623223,0,0.161309,0,0,0,0.0529147,0,0,0.128948,0
"188","PFLU_1621",0,0,0,0,0.242449,0,0,0,0,0,0.214858,0.116195
"189","PFLU_1643",0.0226557,0,0,0,0,0.0308619,0.045186,0.0376393,0.0436312,0,0.322429,0.0991356
"190","PFLU_1649",1398.3,1286.24,5610.75,3896.19,3784.73,2506.38,3046.32,2975.15,1161.38,826.205,1925.13,3014.33
"191","PFLU_1661",0,0,0.280835,0,0,0,0,0,0,0,0,0
"192","PFLU_1698",0,0,0,0,0,0,0,0.248174,0,0,0,0
"193","PFLU_1813",0.549092,0,0,0,0,0,0,0,0,0,0,0
"194","PFLU_1814",0,0,0.0875081,0,0,0,0.0740153,0,0,0,0,0
"195","PFLU_1815",0,0,0.229433,0,0.22281,0,0.290777,0.080943,0.28144,0,0.395126,0.106765
"196","PFLU_1818",0.0346366,0,0,0,0.0791489,0,0.551825,0.460198,0.26671,0.0846803,0.421843,0.227432
"197","PFLU_1819",0,0,0,0,0,0,0,0.239509,0.185006,0,0.19389,0
"198","PFLU_1820",0,0,0,0,0,0,0.0422608,0.0175988,0,0,0,0
"199","PFLU_1821",0,0,0,0,0.117659,0,0.409336,0.0854821,0.0990724,0,0,0.112771
"200","PFLU_1823",0,0,0.127981,0,0,0,0,0,0,0,0,0
"201","PFLU_1824",14.5007,16.4174,97.0229,58.6692,174.818,88.8535,465.365,725.953,925.523,462.926,783.179,677.167
"202","PFLU_1835",0,0,0,0.130993,0,0,0.102881,0.214853,0.199208,0.189641,0,0.113378
"203","PFLU_1869",0,0,0,0,0,0.11551,0,0,0,0,0,0
"204","PFLU_2032",0,0,0.0688016,0,0,0,0,0,0,0,0,0
"205","PFLU_2086",0.430719,0.300683,1.30242,1.08954,1.82762,0.333318,1.58766,0.663754,2.24852,0.675745,1.74234,0.808782
"206","PFLU_2111",5.16213,3.00897,8.05803,4.01912,8.73292,3.09765,5.32785,4.57329,5.8257,3.09137,8.94913,3.36953
"207","PFLU_2160",0,0,0.0881883,0,0,0,0,0,0,0,0,0
"208","PFLU_2215",0.781372,0.314628,0.540775,0.465262,0.840197,0.124784,0.731241,0.686808,0.35379,0.224574,1.58367,1.00639
"209","PFLU_2232",2.10092,0.941705,5.15,3.76617,5.30068,3.26884,7.48767,4.86915,6.90702,2.78052,14.6415,4.98308
"210","PFLU_2236",0,0,0,0,0,0.10662,0,0,0,0.0962088,0,0
"211","PFLU_2301",1.14408,1.16532,1.79464,1.08566,0.980312,0.258768,1.23213,0.751849,1.28417,0.582218,1.8353,0.208765
"212","PFLU_2327",0,0,0,0,0,0,0,0,0,0,0.095421,0
"213","PFLU_2352",9.44957,5.63776,3.56139,3.28352,3.62563,1.65807,2.28774,1.61564,2.77372,1.23143,2.18539,0.790403
"214","PFLU_2353",0,0.047553,0,0.123063,0,0,0,0,0,0,0,0
"215","PFLU_2373",0,0.0397386,0,0,0,0,0,0,0,0,0,0
"216","PFLU_2410",0,0.058641,0,0,0,0.0812712,0,0,0,0,0,0
"217","PFLU_2419",0.167518,0,0,0,0.38252,0,0,0,0,0,0,0
"218","PFLU_2546",0,0,0,0,0,0,0,0.03099,0,0.0456145,0,0
"219","PFLU_2552",0.090406,0.101822,0.202376,0.194681,0.258278,0.0679197,0.144577,0.157785,0.235189,0.110734,0.359289,0.158142
"220","PFLU_2615",0,0,0,0.0998847,0.0901766,0,0,0,0,0,0,0
"221","PFLU_2629",21.9968,13.9604,16.7963,12.0423,9.02676,7.25272,8.3929,6.5591,9.32998,4.05806,11.5568,4.61961
"222","PFLU_2662",4.63002,3.43474,15.4718,11.1176,18.0503,7.078,12.6639,7.44063,16.0474,5.25499,21.5491,10.6533
"223","PFLU_2681",0,0,0.0531026,0.0571002,0,0,0.0899499,0.0187315,0,0,0,0.0493354
"224","PFLU_2695",0,0,0,0,0.108121,0,0.0940846,0,0,0,0,0.103612
"225","PFLU_2750",0.809612,0.717008,1.67978,2.39199,2.55506,1.55005,3.30777,1.85763,3.93552,1.62755,5.92051,2.57235
"226","PFLU_2763",0,0,0,0,0,0,0,0,0,0,0,0.0592677
"227","PFLU_2816",0.0396259,0.0775175,0,0.200591,0.0905476,0.107682,0,0.0658021,0.0762692,0,0,0.260236
"228","PFLU_2930",0.619987,0.625271,1.10622,0.618521,1.11632,0.819441,1.08718,1.01452,1.55601,0.643724,2.78981,1.19188
"229","PFLU_2944",0,0,0,0,0,0,0,0,0,0,0.0772199,0
"230","PFLU_2990",0,0.0773585,0,0.10009,0.0903617,0,0.157408,0,0,0.048324,0,0
"231","PFLU_3002",0,0,0,0,0,0.0650117,0,0,0,0,0,0
"232","PFLU_3036",0,0,0,0,0,0,0,0,0,0,0.0909985,0
"233","PFLU_3040",5.33351,6.00625,9.05555,7.86745,10.3235,5.80758,6.31235,6.4519,6.2661,3.61264,7.32929,7.63036
"234","PFLU_3118",0,0,0,0,0,0.0895679,0,0,0,0.0807353,0,0
"235","PFLU_3275",0,0,0,0,0.188844,0,0,0,0,0,0,0
"236","PFLU_3287",0.331325,0.12152,1.36457,0.419281,1.13564,0.618834,1.64817,0.618936,1.35506,0.708459,1.51185,1.36003
"237","PFLU_3383",0.0468578,0,0.110257,0,0,0,0.0931742,0,0,0,0,0
"238","PFLU_3426",0.0444734,0.0145132,0.139678,0.112639,0.203276,0.10109,0.0295958,0.0369511,0.114228,0.0544361,0.27154,0.0972767
"239","PFLU_3438",0.0413268,0.0404199,0,0,0,0.0561377,0,0,0,0,0,0
"240","PFLU_3489",13.6531,13.7461,76.8487,43.4487,98.8736,39.8021,138.86,125.788,189.872,60.2645,125.327,113.129
"241","PFLU_3549",0,0,0,0,0,0,0,0,0,0,0,0.087285
"242","PFLU_3551",0,0.0787055,0,0,0,0,0,0,0,0.0982113,0,0
"243","PFLU_3570",0,0,0,0,0.120901,0,0,0,0,0,0,0
"244","PFLU_3608",0.115341,0,0,0,0,0,0,0,0,0,0,0
"245","PFLU_3634",1.61109,0.786952,2.75461,2.22225,2.67692,0.792006,3.04793,1.33644,2.53423,1.25007,4.14085,1.44442
"246","PFLU_3726",2.1115,1.00046,3.00942,2.75135,3.36236,1.03944,2.7931,1.75198,1.96883,0.858703,5.56304,2.38312
"247","PFLU_3747",0,0,0,0,0,0,0,0,0,0,0,0.0740765
"248","PFLU_3754",1.68544,0.587041,2.54326,2.1284,1.64984,0.48483,1.42327,0.89762,1.84867,0.878002,1.20804,1.58553
"249","PFLU_3783",0,0,0,0,0.258804,0,0,0,0,0,0,0
"250","PFLU_3786",5.69781,3.9973,16.5987,15.6233,16.867,8.2366,13.3487,9.31798,15.4249,6.16166,23.6392,8.7958
"251","PFLU_3797",0,0,0,0,0.112257,0,0,0,0,0,0.0995326,0
"252","PFLU_3802",0.100319,0.0979066,0,0,0,0,0,0.0831546,0,0,0,0
"253","PFLU_3808",56.2716,58.7458,277.412,192.768,389.053,171.316,544.88,492.309,727.873,221.154,531.126,609.879
"254","PFLU_3811",0,0,0.133241,0,0,0,0,0,0,0,0,0.124071
"255","PFLU_3813",9.3098,4.68591,24.0547,14.4362,25.9653,14.1249,21.1468,13.4113,26.4337,8.41759,40.2371,23.1821
"256","PFLU_3817",30.2365,26.5589,105.995,68.1326,114.5,46.9438,60.8727,40.733,56.1787,19.8233,70.8605,28.5968
"257","PFLU_3820",2.81991,3.46523,36.7522,24.2878,56.6588,19.0324,158.959,101.292,101.024,32.0332,123.14,114.709
"258","PFLU_3821",0,0,0,0,0,0,0,0.486934,0.282006,0,0.294079,0
"259","PFLU_3822",0,0,0.108673,0.116873,0.211057,0,0,0.115016,0.0888711,0.112824,0.0936014,0
"260","PFLU_3823",0,0,0,0,0.0505843,0,0.13245,0.165485,0.127887,0.0270803,0.180022,0
"261","PFLU_3825",0,0,0,0,0,0,0,0.215592,0,0,0,0.285782
"262","PFLU_3826",0,0,0,0,0,0,0,0.119909,0.277785,0,0,0.318181
"263","PFLU_3829",1.33513,1.38502,18.0918,11.0592,35.5007,10.1686,61.5125,48.4726,67.1235,17.4021,88.2976,63.2393
"264","PFLU_3858",0.130124,0.0848394,0.61244,0.878183,0.495559,0.41231,0.258857,0.468129,0.166948,0.370938,1.31913,0.379856
"265","PFLU_3871",20.6084,18.5253,36.7417,26.9877,37.3224,14.1115,30.8753,18.5279,41.1304,14.2363,47.794,29.95
"266","PFLU_3873",0.142691,0,0,0,0,0,0,0,0,0,0,0
"267","PFLU_3887",0,0,0.170867,0,0,0,0,0,0.279461,0,0,0
"268","PFLU_3889",25.1556,15.4957,16.2896,10.4023,17.9231,8.36132,23.1069,16.3882,28.2039,11.8881,42.6059,16.3508
"269","PFLU_3890",0,0.0375998,0,0,0,0,0,0,0,0,0,0
"270","PFLU_3915",2.83641,1.84048,5.34232,4.98888,4.50308,2.35639,3.68869,2.50446,4.02399,1.27781,6.73145,3.46296
"271","PFLU_3920",15.6862,10.5741,22.5683,19.9747,21.1777,10.253,16.3641,11.3967,20.9374,7.35532,26.2395,15.4288
"272","PFLU_3926",0,0,0.775161,0,0,0,0,0,0,0,0,0
"273","PFLU_3928",47.5341,36.0803,82.0932,59.5207,84.2028,37.3672,72.3802,43.4433,93.3471,27.649,137.802,63.7416
"274","PFLU_3965",4.35704,4.01119,6.53407,3.51394,5.91518,2.82133,3.88451,5.08232,8.13657,3.00473,6.76758,4.56524
"275","PFLU_4007",0.093298,0.0456786,0.0659419,0.165433,0.127936,0.0254696,0.074556,0.0465175,0.0359515,0.0342719,0.228027,0.0408067
"276","PFLU_4028",0,0.0781599,0,0.101127,0,0,0,0,0,0,0.243134,0.0874664
"277","PFLU_4038",1.17793,0.633238,2.07793,1.19195,2.42222,0.718137,2.45567,1.17301,3.05872,0.862563,3.93246,2.70929
"278","PFLU_4039",0,0,0,0,0.0973579,0,0,0,0,0,0,0
"279","PFLU_4148",128.004,106.677,270.823,222.927,274.936,123.507,212.781,156.895,270.544,94.5313,304.067,162.674
"280","PFLU_4150",0.474978,1.38736,1.1366,1.21362,1.11074,0.00610656,0,0.408895,0,0,1.92203,0
"281","PFLU_4183",29.0318,22.6271,63.0841,44.0449,60.4964,33.0507,59.9841,40.6065,80.0032,29.5274,104.041,60.1264
"282","PFLU_4187",0,0,0,0,0.161773,0,0.140378,0.0587406,0,0.0863495,0,0
"283","PFLU_4192",14.3297,12.1021,25.2122,17.401,26.4547,13.7483,25.4971,19.6931,30.9822,13.3627,45.123,25.4868
"284","PFLU_4196",0,0,0,0.111275,0,0,0,0,0,0,0,0
"285","PFLU_4208",0,0,0.142351,0,0.207256,0,0,0,0,0,0,0.0661603
"286","PFLU_4209",0,0,0,0,0,0,0,0,0,0,0,0.115875
"287","PFLU_4311",0,0,0.162311,0,0,0,0,0,0,0,0,0
"288","PFLU_4314",0,0,0,0,0,0,0.0892862,0.0372676,0,0,0,0
"289","PFLU_4394",1.33737,0.934408,0.629552,0.483584,0.698513,0.363503,0.684555,0.158636,0.147097,0.373584,1.16287,0.250929
"290","PFLU_4425",0,0,0,0,0,0,0.178835,0,0,0,0,0
"291","PFLU_4436",0,0,0.108413,0,0,0,0,0,0,0,0,0
"292","PFLU_4486",0,0,0,0,0,0.0582497,0.0853299,0,0.0825458,0,0.260904,0
"293","PFLU_4526",14.8318,12.0049,19.2223,15.822,17.4658,8.79709,14.6122,8.1074,14.5781,5.57456,19.0548,12.4903
"294","PFLU_4533",0,0,0,0,0,0,0.247899,0,0,0,0,0
"295","PFLU_4577",0,0,0,0.616942,0,0.323573,0,0.2033,0,0,0.486402,0
"296","PFLU_4578",0,0,0.0693272,0,0.0672897,0,0,0,0,0,0.0598124,0
"297","PFLU_4590",0,0,0,0,0,0,0,0,0,0,0.0347347,0
"298","PFLU_4593",0.302078,0.0985411,0.237103,0.382435,0.460214,0.411339,0.602294,0.606372,0.436278,0.307912,0.613948,0.385562
"299","PFLU_4613",0,0,0,0,0,0,0,0,0,0,0.23867,0
"300","PFLU_4620",7.02123,5.92511,12.9987,10.4348,11.8013,5.4037,17.0419,9.91007,19.3989,9.24149,37.3283,14.862
"301","PFLU_4629",1.80884,0.572124,1.50188,0.807641,1.45871,0.793527,1.37416,0.750652,1.02351,0.194862,2.80082,1.28168
"302","PFLU_4630",3.68907,1.86202,3.05967,2.76127,4.825,2.14901,3.33157,1.7731,3.75327,1.22049,7.12235,2.18282
"303","PFLU_4631",0,0,0,0,0,0.0765443,0,0,0,0,0,0
"304","PFLU_4676",0,0,0.164667,0,0.160008,0,0,0,0,0,0,0
"305","PFLU_4704",0.795976,0.77668,3.8248,3.05715,3.7425,4.30663,0.799513,0.687742,0,3.49968,0,4.53558
"306","PFLU_4706",0,0,0,0,0,0,0.274748,0.11495,0,0,0,0.15181
"307","PFLU_4714",1.83137,0.977823,4.66187,3.41987,4.65031,2.29457,4.06056,3.11976,4.95264,2.37691,7.78953,3.03504
"308","PFLU_4716",3.60296,3.07269,6.16186,5.7992,6.8848,5.94041,7.01771,6.35921,8.06245,4.79489,13.1103,6.4588
"309","PFLU_4748",0.0229802,0,0,0.0581898,0,0.0626047,0,0.0381779,0,0,0,0
"310","PFLU_4758",0,0,0,0.130993,0,0,0,0,0.0996042,0,0,0
"311","PFLU_4761",5.77817,6.58217,20.5723,12.6145,23.2,13.8179,35.5072,35.7164,47.4419,25.8083,44.6454,41.0792
"312","PFLU_4809",0.0521919,0,0,0.132057,0,0.0707809,0,0,0,0,0.105694,0
"313","PFLU_4810",0.0462946,0,0,0,0,0,0,0,0,0,0,0
"314","PFLU_4843",0.875407,0.748806,2.05931,1.52268,3.87537,2.07681,1.84768,2.22503,4.73642,2.27096,5.87041,2.87599
"315","PFLU_4878",0.0809254,0,0,0,0,0,0,0,0,0,0,0
"316","PFLU_4897",0,0,0,0,0,0.0287705,0,0,0,0,0,0
"317","PFLU_4912",0,0,0,0,0,0,0,0,0,0,0,0.361951
"318","PFLU_4917",0.103723,0,0,0,0.0790068,0.141039,0.275419,0.0574216,0.332789,0.0422643,0.140363,0.151349
"319","PFLU_4920",0,0,0,0,0,0,0,0,0,0,0.312821,0
"320","PFLU_4933",0,0,0,0,0.0504105,0.060103,0,0.0183241,0.084965,0.0539747,0,0.144783
"321","PFLU_4952",0,0,0.0958229,0,0,0,0,0,0,0,0.0825786,0
"322","PFLU_4965",0,0.0629463,0,0,0,0,0,0.160334,0,0.078584,0.130231,0
"323","PFLU_4987",35.6312,36.3935,90.9221,65.4374,179.193,102.816,326.549,480.718,453.991,129.132,112.667,161.649
"324","PFLU_4994",29.7778,27.9586,108.816,70.6092,97.3318,52.0023,80.1876,60.2974,58.0503,29.071,64.6211,85.4254
"325","PFLU_5001",0,0.0515846,0,0,0,0,0,0,0,0,0.106845,0
"326","PFLU_5034",0.0457049,0.0298297,0.215316,0,0.104452,0.0415531,0,0.0379739,0,0.0372947,0,0.0333239
"327","PFLU_5043",0.0392224,0,0,0,0,0,0,0,0,0,0,0
"328","PFLU_5050",0,0,0,0,0.0838219,0,0,0.0304592,0,0,0,0
"329","PFLU_5068",0,0,0,0,0.237862,0,0,0,0.100142,0.0635542,0,0.113992
"330","PFLU_5077",40.8972,30.8966,117.919,70.7926,74.6773,38.9212,55.1234,36.5261,23.6448,17.1472,43.2203,57.3207
"331","PFLU_5124",0,0,0.0761948,0,0,0,0,0,0,0,0,0
"332","PFLU_5138",0.1107,0,0,0,0.252857,0.297636,0.218381,0.642131,0,0.269284,0.444893,0
"333","PFLU_5139",0.0301845,0,0,0,0.344885,0.0410711,0.300727,0.150411,0.0581157,0,0.0613065,0.132113
"334","PFLU_5144",4.35941,2.86123,10.7105,12.0139,16.2038,5.63645,11.2305,5.45255,14.0141,4.68325,16.7055,9.55131
"335","PFLU_5162",0,0,0,0,0,0,0.133563,0,0,0,0,0
"336","PFLU_5172",0.0668734,0,0,0,0,0,0,0,0,0,0,0
"337","PFLU_5180",9.74529,7.35145,20.8564,13.1527,20.9953,8.81848,13.7499,11.557,16.7882,6.40519,22.4779,10.5675
"338","PFLU_5187",0,0,0.104422,0,0,0,0,0,0,0,0,0
"339","PFLU_5203",0,0,0,0,0,0,0,0,0.0786951,0,0.0829274,0
"340","PFLU_5218",0,0.0619132,0.297978,0.320499,0.434241,0,0.125716,0.157702,0,0.23189,0.128107,0.138797
"341","PFLU_5242",0,0.075553,0.18182,0.19558,0.176712,0,0,0,0.148687,0,0,0.16954
"342","PFLU_5244",0,0,0,0,0,0,0,0.0164006,0.0760387,0,0,0
"343","PFLU_5249",12.2706,3.81393,16.5184,11.8418,19.1997,5.34386,16.2837,8.65653,15.7879,5.64912,32.1408,9.5404
"344","PFLU_5253",0.023863,0,0.168579,0.0604238,0.054533,0,0.0475867,0.0198218,0,0,0.048508,0
"345","PFLU_5254",0.0419571,0.0410354,0,0,0,0.0569885,0.0834804,0.0348344,0.0807498,0,0.0850835,0
"346","PFLU_5255",0.138583,0,0,0,0,0,0,0,0,0,0.277456,0
"347","PFLU_5260",0.0636622,0.0622867,0.0749366,0.080583,0.145478,0,0,0,0.0612824,0.0389179,0.129273,0
"348","PFLU_5265",0,0.0181427,0.0436527,0,0,0,0,0,0,0.0226807,0,0
"349","PFLU_5266",0,0,0,0,0.127919,0.0758823,0,0.13939,0,0,0.113319,0.122625
"350","PFLU_5269",0.0637676,0.0623897,0.225182,0.0807163,0.145719,0,0.317589,0.609005,0.306919,0,0.129486,0.139558
"351","PFLU_5330",27.7064,21.3373,67.3157,51.5303,83.5287,37.7899,76.2573,58.3914,104.681,38.2546,131.089,64.528
"352","PFLU_5333",0.677259,0.893182,9.84446,4.54753,26.4448,8.85563,367.273,575.074,138.733,10.7302,8.79242,5.86392
"353","PFLU_5401",0.0490042,0,0,0,0,0.0664897,0,0.0406772,0,0,0,0
"354","PFLU_5407",0,0,0,0,0,0,0,0.0652014,0.151109,0,0,0.172316
"355","PFLU_5410",0,0,0,0,0.0527677,0.031452,0,0.0191805,0,0,0,0
"356","PFLU_5416",27.9166,16.1857,44.7034,31.4198,46.7265,23.6991,43.0758,33.0545,46.3303,21.4324,76.4997,34.7717
"357","PFLU_5441",0,0,0,0,0,0,0.0811926,0.0677518,0,0,0.331011,0.178644
"358","PFLU_5443",10.2115,8.49695,26.6642,24.5954,32.2366,13.7423,20.8446,14.2775,20.5989,8.48027,21.9707,11.5712
"359","PFLU_5448",0.409851,0.532624,2.24352,1.72448,2.4961,1.82953,1.61189,1.35755,0.786272,0.82941,1.36795,0.900118
"360","PFLU_5462",0,0,0,0,0,0,0,0,0,0,0,0.07048
"361","PFLU_5469",0.145935,0.14219,0,0,0.333277,0,0.286643,0,0,0.531209,0.583786,0
"362","PFLU_5483",0,0.0949495,0,0,0,0,0,0,0,0,0,0
"363","PFLU_5498",0,0.0207127,0,0,0,0,0,0.0175794,0,0,0,0.0462971
"364","PFLU_5503",1188.74,1263.78,4625.32,2882.48,3325.6,1519.05,2380.93,1727.97,926.085,568.621,1869.04,2728.5
"365","PFLU_5504",0.202094,0,0,0,0,0,0,0,0,0,0,0
"366","PFLU_5515",0.398541,0.258999,2.49358,0.670824,2.42727,1.42403,1.30678,0.880151,2.03913,0.806722,0.532345,0.875168
"367","PFLU_5517",0,0,0,0,0,0,0.425395,0,0,0,0,0
"368","PFLU_5524",0.160502,0,0.754486,0.2029,0.366675,0.325129,0.953476,0.266228,0.154249,0.0978041,0.647648,0.703664
"369","PFLU_5528",2.19637,1.86834,4.51784,6.22839,3.15235,2.54179,4.82849,2.74642,2.64857,1.33676,1.09152,6.10515
"370","PFLU_5529",656.977,564.897,5051.17,3127.04,4397.29,2155.44,3214.42,2953.66,1874.31,1010.76,3047.34,3628.41
"371","PFLU_5530",0.0288721,0,0,0,0,0,0,0,0,0,0,0
"372","PFLU_5532",6.23971,5.0313,25.7353,21.1477,21.1703,7.99457,15.5677,12.675,7.85597,3.39163,10.7067,14.7446
"373","PFLU_5533",196.449,175.285,807.831,448.609,632.897,240.262,638.496,408.407,310.931,140.534,506.792,527.314
"374","PFLU_5534",62.6761,47.1676,215.661,115.352,184.054,66.7624,179.242,105.203,123.345,50.0288,203.553,154.41
"375","PFLU_5535",0,0,0,0.554519,0,0,0,0,0,0,0,0
"376","PFLU_5537",0.195544,0.28629,1.83735,0.741253,0.893375,0,0.579563,0.324197,0.187815,0,0.590415,1.28669
"377","PFLU_5568",0.515868,0.448225,0.808948,0.725043,0.785784,0.62139,0.682959,0.428112,0.661542,0.209886,0.579987,0.376653
"378","PFLU_5582",0,0,0,0,0,0,0,0,0,0,0.0645303,0
"379","PFLU_5584",0,0,0,0,0,0,0,0,0,0,0,0.0865671
"380","PFLU_5589",0,0,0.147536,0,0,0,0,0,0,0,0,0
"381","PFLU_5592",81.3331,66.8173,170.902,131.26,183.211,86.8569,147.768,102.33,162.631,70.4281,201.472,103.198
"382","PFLU_5646",0,0,0,0,0.361681,0,0,0.0437936,0,0,0.320534,0
"383","PFLU_5649",1.68575,0.951206,2.98931,2.8125,3.5352,1.35137,1.46405,1.68051,2.82662,0.800813,2.2185,1.25821
"384","PFLU_5652",0.251419,0.294986,0.23661,0.127235,0.114895,0.136426,0.199888,0.125214,0.290244,0,0.407424,0.220232
"385","PFLU_5682",0.268979,0.473322,0.885872,1.08887,0.122917,0.364692,0.748143,0.223244,0.413971,0.262709,0.980271,0.117821
"386","PFLU_5686",10.5865,7.42249,22.2826,17.0114,18.9897,10.4623,20.2156,12.511,26.0122,9.14174,35.4168,15.1846
"387","PFLU_5691",12.6285,8.42424,15.4952,11.9845,17.9842,7.71508,12.8274,8.16234,16.0567,5.17891,22.8556,11.9488
"388","PFLU_5701",21.3055,15.2942,50.6761,40.9548,70.8182,32.2016,74.3141,44.499,102.794,28.3504,142.449,77.5231
"389","PFLU_5707",33.4798,27.9802,141.189,78.5013,134.254,49.2483,121.073,86.8366,113.465,41.0118,124.34,137.721
"390","PFLU_5709",0.212805,0,0.500628,0.673034,0.486237,0.216417,0.422817,0.353248,0.204702,0,0.861791,0.233032
"391","PFLU_5724",0,0,0,0,0,0,0,0,0,0,0,0.0709552
"392","PFLU_5735",0.43774,0.341931,0.617169,0.663921,0.2,0.354306,1.21244,0.508161,0.841168,0.426584,1.41171,0.575876
"393","PFLU_5753",0,0,0,0,0.155486,0,0.134967,0,0,0,0,0
"394","PFLU_5777",0,0,0,0,0.176005,0,0.152616,0,0,0,0,0
"395","PFLU_5842",0,0,0,0.17907,0,0,0,0,0,0,0,0
"396","PFLU_5846",0,0,0,0,0,0,0,0,0,0.0560103,0,0
"397","PFLU_5855",0,0.0824919,0,0,0,0,0,0,0,0,0,0
"398","PFLU_5893",1.68688,2.47429,6.9462,4.6245,14.8825,7.82255,509.29,538.424,568.32,204.151,723.781,511.571
"399","PFLU_5900",84.2381,56.4903,110.983,77.2108,98.2965,51.5066,90.1812,64.5658,110.491,45.5701,150.982,81.4999
"400","PFLU_5936",4.83701,4.37987,11.1716,9.63416,17.6022,9.72903,15.5889,9.89015,16.979,6.34653,24.1497,14.9052
"401","PFLU_5946",0,0,0,0,0,0,0,0,0.305955,0,0.160588,0
"402","PFLU_5953",0.244805,0.238199,0,0,0,0,0,0,0,0,0,0
"403","PFLU_6020",0.248494,0.283547,0.584816,0.209641,0.473182,0.393804,0.494452,0.378239,0.717383,0.303625,1.25987,0.453344
"404","PFLU_6045",12.6023,8.74772,18.071,15.2304,14.486,9.31369,10.8309,7.09959,10.9692,5.69956,12.9546,7.47074
"405","PFLU_6118",143.439,145.068,1988.53,1182.79,2088.08,879.349,2928.51,2140.41,1616.57,758.237,2467.17,2773.78
"406","PFLU_6119",0,0,0,0,0.174609,0,0,0,0,0,0,0
"407","PFLU_6120",0,0.0784851,1.32198,1.01548,0.550076,0.49059,1.35738,0.966045,0.926657,0.441242,0.569665,1.49313
"408","PFLU_6123",1.05151,0.68365,9.23662,6.27151,10.6812,3.31222,23.1462,13.585,18.7826,7.45595,11.4438,20.7073
